Date,Company Name,Source of Information
2026-10-05,State Bank of India (SBI),https://sbi.bank.in (Ref: SBI/GITC/IT-Partner Relationship/2025-26/1042/III - Empanelment of IT Companies for Niche Tech Resources)
2026-10-05,Himachal Pradesh State Electronics Development Corporation Limited (HPSEDC),https://himachalpradeshtenders.in (Tender Ref: 2026_HPSED_144559_1 - Empanelment of IT Agencies for Software/Website Development)
2026-10-05,Digital India Corporation (DIC),https://dic.gov.in (Request for Empanelment of Agencies for IT Manpower and Staff Augmentation)
2026-10-05,National Informatics Centre Services Inc. (NICSI),https://nicsi.nic.in (RFE for IT Services & Technical Resource Augmentation)
2026-10-05,UCO Bank,https://www.ucobank.com/tenders (Empanelment of IT Vendors & Software Development Service Providers)
2026-10-05,Bank of Baroda,https://www.bankofbaroda.bank.in/tenders (RFP for Empanelment of Software Developers & IT Resource Providers)
2026-10-05,Travancore Devaswom Board (Govt. of Kerala),https://kerala.gov.in (EOI for Empanelment of IT Companies & MSMEs for Technical Human Resources)
2026-10-05,UP Electronics Corporation Ltd (UPLC),https://etender.up.nic.in (Empanelment of Software Developers and Cloud System Integrators)
2026-10-05,Software Technology Parks of India (STPI),https://stpi.in (Tender for IT Staff Augmentation & Engineering Technical Support)
2026-10-05,Petroleum and Natural Gas Regulatory Board (PNGRB),https://pngrb.gov.in (RFP for Application Development Agency & IT Resources)
2026-10-05,Triangle Solutions,https://www.linkedin.com/in/chinmayee-ramesh-8a5001327/ (Vendor Empanelment Notice for IT Recruitment & Staffing Partners - connect@trianglesolutions.in)
2026-10-05,CBSPL India,https://www.linkedin.com/in/muskan-nigam-3a916621b/ (Staffing Vendor Empanelment & Recruitment Partner Notice - Hr@cbsplindia.com)
2026-10-05,Judicial Branch of California,https://www.courts.ca.gov/rfps.htm (RFP #IT-2026-213-RB - Master Agreements for Technical Staff Augmentation Services)
2026-10-05,East Bay Municipal Utility District (EBMUD),https://www.ebmud.com/business-center/bids-and-rfps (RFP No. ISD-2026-01 - On-Call As-Needed Temporary IT Staffing Services)
2026-10-05,University of Maryland Global Campus (UMGC),https://www.umgc.edu/administration/procurement (RFP #92248 - IT Staff Augmentation Services)
2026-10-05,Fairfax County,https://www.demandstar.com/app/limited/bids/504665/details (RFP 2000004198 - IT Staff Augmentation Services)
2026-10-05,City of San Diego,https://www.sandiego.gov/purchasing/bids-contracts (Solicitation 10090518-27-S - SAP Staff Augmentation & Technical Vendors)
2026-10-05,ICANN (Internet Corporation for Assigned Names and Numbers),https://www.icann.org/en/system/files/files/rfp-software-engineering-staff-augmentation.pdf (RFP for Software Engineering Staff Augmentation)
2026-10-05,Michigan State University (MSU),https://usd.msu.edu/purchasing/open-bids (RFP #912634 - IT Staff Augmentation Services)
2026-10-05,City of Richmond,https://www.rva.gov/procurement-services (RFP for IT Staff Augmentation & Technical Workforce Services)
2026-10-05,State of Louisiana (Division of Administration),https://www.doa.la.gov/doa/osp/vendor-resources/ (RFP for IT Professional Services & Technical Staffing Vendors)
2026-10-05,City of Los Angeles (RAMPLA),https://www.rampla.org (RFP for As-Needed IT Professional Services & Technical Augmentation)
2026-10-05,Texas Department of Insurance / Texas DIR,https://dir.texas.gov/it-staffing-services-itsac (IT Staff Augmentation Contracts ITSAC & DBITS Vendor Program)
2026-10-05,Nashville Electric Service (NES),https://www.nespower.com/doing-business-with-nes/ (RFP for Technical Staff Augmentation & Software Engineering Vendors)
2026-10-05,EdgeMarket (NJEdge),https://edgemarket.njedge.net/home/rfp-it-staff-augmentation-and-direct-hire-services-2025 (RFP 269EMCPS-25-005 - Master Agreement for IT Staff Augmentation Services)
2026-10-05,National e-Governance Division (NeGD),"https://negd.gov.in/empanelment-by-negd/ (Digital India Panel for Frontend Engineers, UI/UX, & AI/ML Technical Manpower Augmentation)"
2026-10-05,"Centre for Management Development (CMD), Kerala",https://cmd.kerala.gov.in (Ref: PMU/TDB/DIGI/EOI/2026/01 - Empanelment of IT Companies & Startups for Technical Resource Augmentation)
2026-10-05,Shreetron India Limited (Govt. of UP Undertaking),https://skillspedia.in (Empanelment of Agencies/Firms for IT & ITES Technical Manpower Solutions)
2026-10-05,Film and Television Institute of India (FTII),https://ftii.ac.in/tenders/empanelment-of-agency-for-technical-manpower (Empanelment of Agency for Technical & IT Manpower)
2026-10-05,The University of Arizona,https://vendors.arizona.edu (RFP #L302403 - IT Staff Augmentation Services)
2026-10-05,Bhupendra Prabhakar (Tech Sourcing Lead),"https://www.linkedin.com/posts/bhupendraprabhakar_we-are-looking-for-recruitment-vendors-activity-7485988875912388608-FvPU (Vendor Requirement: DevOps, Cloud AWS/Azure, Data Eng, AI/ML, Full Stack)"
2026-10-05,Deepak Panchal (Staffing & Vendor Network),https://www.linkedin.com/posts/deepak-panchal-a2b384195_onsitehiring-itstaffing-vendornetwork-activity-7490662140169707520-Vr4d (IT Staffing Vendor Empanelment & Contractual Staff Augmentation)
2026-10-05,Aditya K (Contractual Tech Recruitment),https://www.linkedin.com/posts/aditya-k-76a0311a2_c2h-contracttohire-recruitment-activity-7498680101295788032-C7SF (Vendor Partnership for Tech C2H & Contractual Hiring)
2026-10-05,Digital India Corporation (DIC),https://dic.gov.in/add_tender/request-for-empanelment-of-agencies-to-provide-manpower-for-it-solutions-2/ (Tender ID: 2026_DIT_909655_1 - Request for Empanelment of Agencies to provide Manpower for IT Solutions)
2026-10-05,National e-Governance Division (NeGD),"https://negd.gov.in/empanelment-by-negd/ (Digital India Rate Contracts for UI/UX, Frontend Engineers, & AI/ML Technical Manpower Augmentation)"
2026-10-05,UP Electronics Corporation Ltd (UPLC),"https://etender.up.nic.in (Tender ID: 2026_UPECL_1110680_1 - Empanelment of Software Developers, Cloud Architects, and System Integrators)"
2026-10-05,Odisha Computer Application Centre (OCAC),https://www.ocac.in (RFP Ref: OCAC-SEGP-MISC-0003-2025-25028 - Empanelment of Software Development Firms & IT Resource Augmentation)
2026-10-05,Software Technology Parks of India (STPI),https://stpi.in (Ref: STPI/TECH/NSIG/MISC/24-25/2/II - Tender for IT Staff Augmentation & Engineering Technical Support)
2026-10-05,"Centre for Development of Imaging Technology (C-DIT), Kerala",https://cdit.kerala.gov.in/?p=7091 (Empanelment of Technical Resource Persons & Software Consultants for Digital Solutions)
2026-10-05,Uttar Pradesh Development Systems Corporation Limited (UPDESCO),https://updesco.up.nic.in (Ref: UPD/Empl/2026/SP/1 - Empanelment of Agencies for Software Development & Technical Manpower)
2026-10-05,Film and Television Institute of India (FTII),https://ftii.ac.in/tenders/empanelment-of-agency-for-technical-manpower (GeM Bid ID: GEM/2025/B/5996853 - Empanelment of Agency for Technical Manpower)
2026-10-05,AgileTurn,"https://www.linkedin.com/posts/bhupendraprabhakar_we-are-looking-for-recruitment-vendors-activity-7485988875912388608-FvPU (Recruitment Vendors for DevOps, Cloud, Data Eng, AI/ML, Full Stack - sales@agileturn.in)"
2026-10-05,Artech Information Systems,https://www.linkedin.com/posts/aditya-k-76a0311a2_c2h-contracttohire-recruitment-activity-7498680101295788032-C7SF (Vendor Sourcing for Contract-to-Hire C2H Tech Roles - aditya.kishan@artechinfo.in)
2026-10-05,Atzean Technologies LLP,https://www.linkedin.com/posts/deepak-panchal-a2b384195_onsitehiring-itstaffing-vendornetwork-activity-7490662140169707520-Vr4d (IT Staffing Vendor Network & Contractual Tech Hiring Partner Notice)
2026-10-05,New York State Energy Research and Development Authority (NYSERDA),https://portal.nyserda.ny.gov (RFP Ref: RFP 6052 - IT Staff Augmentation Services Master Agreement)
2026-10-05,State of Louisiana (Division of Administration),https://wwwcfprd.doa.louisiana.gov/osp/lapac/agency/pdf/9000900.pdf (RFP for IT Staff Augmentation Services)
2026-10-05,State of Oklahoma (OMES / DCS),https://www.ok.gov/dcs/solicit/app/viewAttachment.php?attachmentID=89356 (Contract Ref: SW1025CE - Statewide IT Staff Augmentation Master Agreement)
2026-10-05,Florida Department of Management Services,https://www.dms.myflorida.com (Contract Ref: 80101507-23-STC-ITSA - IT Staff Augmentation Services Vendor Pool)
2026-10-05,Buffalo Public Schools (BPS),https://go.boarddocs.com (RFP Ref: 26-0627E4-042 - IT Staff Augmentations Services RFP)
2026-10-05,Harris Health System,https://media.governmentnavigator.com (RFP Ref: 240174 - IT Consulting and Staff Augmentation Services Master Pool)
2026-10-05,Canada Deposit Insurance Corporation (CDIC),https://www.instantmarkets.com/q/it_staff_augmentation_services (Solicitation for IT Staff Augmentation Services & Software Development Resources)
